{"cameraMode":{"drawMode":0,"name":"Shaded","section":"Shading Mode"},"sceneLighting":true,"audioPlay":false,"sceneViewState":{"m_AlwaysRefresh":false,"showFog":true,"showSkybox":true,"showFlares":true,"showImageEffects":true,"showParticleSystems":true,"showVisualEffectGraphs":true,"m_FxEnabled":true},"in2DMode":false,"pivot":{"x":1.3671207427978516,"y":-8.180279731750489,"z":32.954132080078128},"rotation":{"x":0.18939641118049622,"y":-0.15187616646289826,"z":0.029663123190402986,"w":0.9696362614631653},"size":17.230756759643556,"orthographic":false}